"","X98","X123","X169","X172","X193","X195","X219","X253","X270","X308","X313","X335","X351","X356","X375","X387","X393","X402","X409","X420","X446","X452","X494","X507","X576","X582","X592","X593","X598","X603","X607","X623","X631","X632","X637","X647","X655","X671","X700","X706","X714","X722","X728","X729","X730","X761","X762","X772","X777","X797","X803","X808","X809","X833","X841","X861","X888","X890","X951","X956","X969","X972","X1003","X1055","X1079","X1133","X1148","X1162","X1170","X1174","X1192","X1204","X1205","X1222","X1229","X1233","X1234","X1264","X1275","X1356","X1371","X1405","X1410","X1415","X1422","X1428","X1438","X1444","X1476","X1527","X1555","X1619","X1656","X1689","X1700","X1720","X1753","X1821","X1859","X1939","V2001"
"1","1035.22"," 738.26"," 699.93"," 482.64"," 279.83"," 299.52"," 680.43"," 765.67"," 883.02"," 203.26"," 243.16","186.71"," 238.21"," 401.66"," 233.77"," 296.39","181.72"," 449.43","196.89","150.98","250.30","455.95"," 494.07"," 235.23"," 438.25","354.54","173.14"," 480.01","354.24","178.13","185.78","251.20","230.19","227.61","273.17","281.12","130.27","220.16","300.12","301.10","222.23","254.05","200.45","149.42","261.88","166.59"," 287.03","137.95","238.51","301.46","135.91","339.85","169.61","193.05","164.58","109.12","180.15","205.92","214.21","247.19","144.57","157.49","179.25","144.16","122.75","264.80"," 83.82","202.94"," 90.23"," 81.54","199.28"," 91.02","107.83"," 84.01"," 57.56"," 51.26","133.40"," 82.22","117.39"," 71.22"," 69.78","102.81"," 62.65"," 72.18","148.48"," 44.73"," 87.60"," 60.03"," 38.88"," 88.95"," 36.35"," 42.92"," 71.57"," 84.62"," 44.48"," 74.27"," 94.76","111.80"," 76.60"," 73.13","t"
"2","1008.46"," 737.87","1146.54"," 634.86"," 298.56"," 620.04"," 767.60"," 669.98"," 695.87"," 445.97"," 362.42","239.67"," 279.84"," 451.07"," 297.47"," 278.58","287.17"," 433.04","185.55","331.54","383.56","489.48"," 469.86"," 335.13"," 589.72","369.63","258.01"," 730.07","269.51","281.70","150.37","234.27","226.73","272.96","273.72","307.45","191.08","198.70","332.61","338.34","207.08","315.44","226.04","239.06","282.49","174.68"," 439.23","183.51","227.58","311.55","194.76","413.96","244.57","206.91","196.94","166.25","214.81","254.86","225.63","386.58","215.86","199.71","258.76","175.63","183.76","310.39","166.48","282.40","130.30"," 95.97","303.28","116.66","157.91"," 82.36"," 77.82"," 53.20","204.90","188.78","144.25"," 84.99","109.06","107.99"," 66.83","124.00","118.71","118.26","173.31"," 64.83","159.40"," 82.22"," 83.65"," 65.84","127.16"," 91.92","118.38","111.75"," 87.22","138.11","104.66","111.18","n"
"3"," 423.87"," 275.91"," 685.83"," 334.75"," 256.42"," 167.97"," 209.04"," 432.50"," 682.13","  88.63"," 123.48","151.82"," 241.24"," 282.89"," 228.07"," 125.28","132.96"," 281.68","202.26"," 97.98","215.74","223.40"," 176.26"," 132.73"," 172.81","222.52","170.30"," 209.87","253.81","105.04"," 51.31","200.61"," 70.84","132.05","188.07","198.81","143.82","172.57","203.94","112.44"," 54.40","193.25","176.47","108.77","179.03"," 77.28"," 147.29"," 99.42","157.07"," 73.99","129.20"," 53.58"," 80.68"," 48.95"," 82.21"," 48.12"," 76.95"," 74.36"," 80.78","100.23","115.63","112.47"," 83.35","109.31"," 44.62","142.06"," 83.21"," 92.37"," 22.87"," 54.94"," 34.29"," 90.32"," 69.64"," 79.14"," 55.27"," 28.18","110.89"," 46.75"," 61.61"," 54.54"," 67.00"," 56.39"," 33.67"," 47.29"," 87.47"," 15.93"," 38.83"," 34.91"," 25.80","112.22"," 29.84"," 31.29"," 40.08"," 43.01"," 48.80"," 59.00"," 71.26"," 18.46"," 64.05"," 26.25","t"
"4"," 703.20"," 409.97"," 659.77"," 327.01"," 227.41"," 253.56"," 438.56"," 405.68"," 505.05"," 129.79"," 133.89","163.68"," 237.37"," 262.07"," 231.61"," 125.79","134.64"," 339.27","159.22","102.20","319.32","236.25"," 304.08"," 148.33"," 150.70","242.31","133.81"," 369.43","209.33","129.60","102.17","223.67","120.27","179.25","210.26","214.72","161.65","135.03","172.44","185.46","117.92","230.35","183.19","105.88"," 98.27","121.96"," 283.10","127.56","141.68","143.07","107.14","141.35","124.45"," 71.64"," 74.21"," 56.85"," 85.47","125.05","139.65","167.75"," 70.44","133.49","126.01"," 87.50"," 91.17","125.23","103.15","128.29"," 48.15"," 96.79"," 86.74"," 86.15"," 70.07"," 56.83"," 62.60"," 20.67","147.35"," 73.74"," 65.18"," 39.80"," 74.65"," 53.93"," 60.37"," 42.57","129.40"," 40.13"," 51.48"," 34.32"," 60.90"," 86.75"," 53.38"," 55.93"," 29.07"," 75.68"," 29.66"," 29.90"," 51.72"," 48.32"," 54.46"," 52.86","n"
"5"," 303.16"," 542.78"," 603.89"," 460.61"," 391.12"," 693.22"," 304.84"," 209.27"," 320.57"," 286.87"," 248.34","205.36"," 236.28"," 158.04"," 259.93"," 215.60","255.45"," 160.02","244.61","188.91","149.03","186.50"," 197.91"," 242.08"," 376.79","181.47","241.31"," 230.23","132.23","209.46","173.19","102.83","101.14"," 89.52","112.00","212.54","164.82","124.62","136.87","108.10"," 84.65","145.75","174.41","209.92","127.22","138.37"," 151.21","150.18","105.73","121.19","106.69","117.56","172.72","137.02","133.78","104.66","152.67","130.24"," 63.16","111.73"," 73.17"," 83.71","104.31","120.78"," 77.03"," 96.27"," 79.44"," 38.94","106.34"," 92.36"," 88.04"," 74.32"," 70.03"," 71.11"," 64.89"," 59.56","129.80"," 95.80","126.12"," 40.34"," 52.95"," 53.44"," 82.71"," 79.65","103.46"," 80.01"," 37.86"," 65.87"," 64.56"," 91.59"," 76.04"," 21.35","121.87"," 27.15"," 90.16"," 89.11"," 38.11"," 43.07"," 76.44"," 80.60","t"
"6"," 358.64"," 371.88"," 649.69"," 295.99"," 407.62"," 303.79"," 203.99"," 182.48"," 254.87"," 149.71"," 148.11","172.72"," 197.19"," 157.78"," 245.57"," 141.16","186.22"," 162.79","293.66","145.61","144.96","158.99","  60.42"," 103.73"," 135.73","163.90","142.46"," 178.54","109.37","132.74","135.85"," 83.16"," 76.10","119.18"," 98.55","122.09","109.19","104.06","142.99"," 99.13"," 62.20"," 89.05","149.51","103.56","129.07","138.41"," 128.63"," 96.35","106.07"," 76.42"," 98.16"," 95.68"," 97.15"," 85.35"," 76.93"," 56.66","125.11","120.24"," 80.14"," 83.03"," 71.65"," 67.14","113.58"," 92.94"," 74.71","102.34"," 46.71"," 35.36"," 48.15"," 77.91"," 62.62"," 66.11"," 46.03"," 60.29"," 49.92"," 47.24","117.90"," 61.60"," 69.04"," 33.92"," 31.45"," 34.88"," 74.01"," 52.46"," 74.13"," 22.61"," 19.41"," 38.96"," 50.04"," 63.74"," 43.79"," 24.61"," 44.85"," 31.20"," 35.71"," 60.65"," 28.62"," 28.20"," 30.26"," 56.56","n"
"7"," 922.05"," 511.32"," 588.31"," 456.11"," 238.52"," 419.20"," 483.51"," 443.18"," 708.42"," 285.86"," 292.60","185.17"," 264.60"," 430.05"," 268.86"," 181.10","328.55"," 464.88","152.71","137.14","238.14","350.34"," 262.03"," 193.56"," 344.90","190.61","216.31"," 539.57","315.67","171.04"," 80.53","222.09","144.19","250.72","203.50","237.81","162.53","197.47","297.60","245.87","204.04","259.54","207.66","251.94","239.31","101.48"," 270.41","147.25","162.31","231.79","122.48","219.06","114.02","130.33","112.08"," 91.74","111.15","279.28","205.91","189.94","142.32","135.63","124.00","131.57","125.39","224.78","113.41","168.03"," 59.49"," 98.46","187.95"," 79.03"," 85.51"," 68.54"," 58.90"," 55.00","151.16"," 67.91"," 89.31"," 76.87"," 83.49","131.69"," 88.57"," 71.82","110.26"," 32.73"," 89.95"," 54.45"," 69.92"," 69.16"," 55.94"," 53.16"," 72.60","108.94"," 40.11"," 67.72"," 86.41"," 68.26","106.53"," 70.62","t"
"8"," 737.53"," 593.16"," 958.98"," 500.86"," 423.20"," 305.82"," 760.85"," 371.77"," 474.05"," 180.80"," 213.53","282.33"," 381.47"," 333.83"," 338.25"," 174.92","205.96"," 334.95","242.46"," 95.81","250.63","368.26"," 435.15"," 141.45"," 205.91","222.28","212.32"," 477.23","232.92","141.32","186.78","168.48","170.71","242.96","228.31","210.59","199.33","189.73","260.11","213.68","219.29","196.97","291.40","240.98","161.42","129.77"," 248.29","186.01","190.98","203.60","166.46","220.91","136.60","108.71"," 65.44"," 37.50","204.34","135.69","188.02","139.42"," 95.36","174.43","146.81","132.62","126.01","147.14","130.26","151.84"," 44.90"," 91.02","148.75"," 88.30"," 85.88"," 80.05"," 83.38"," 42.33","199.61"," 44.85"," 83.12"," 31.20"," 60.52"," 78.51","115.19","118.82","115.28"," 19.37"," 38.34"," 49.50"," 48.16"," 80.43"," 98.80"," 36.85"," 74.35"," 61.53"," 63.96"," 64.58"," 70.53"," 49.89"," 60.82","112.48","n"
"9"," 785.69"," 335.73"," 367.45"," 135.53"," 563.30"," 370.12"," 671.12"," 407.45"," 934.81"," 352.61"," 280.57","185.63"," 227.92"," 433.86"," 188.66"," 147.30"," 94.60"," 356.73","559.70","116.43","310.65","350.55"," 263.03","  83.35"," 377.60","281.91","100.96"," 647.00","330.89","135.37","267.11","209.75","147.98","176.93","329.63","166.01","139.37","202.90","307.29","269.16","180.71","287.31","151.39"," 82.36","303.04","116.12"," 692.71"," 68.59"," 99.01","262.73"," 78.97","249.95"," 70.11"," 57.15"," 68.02"," 36.65","304.13","338.56","237.59","200.09","158.84","122.88","103.60"," 93.02","117.70","217.03"," 71.90","209.10"," 59.47"," 67.22","193.76","105.45","111.12"," 63.00"," 38.45"," 79.80"," 59.36"," 46.29"," 19.60"," 54.11"," 37.41"," 82.04"," 51.71"," 16.24","124.64"," 50.72","145.10"," 25.50"," 69.51"," 59.16"," 50.15"," 73.09"," 57.67","125.20"," 35.09"," 35.84","107.76"," 72.07"," 82.78"," 31.77","t"
"10"," 792.87","1006.66","1465.27"," 794.19"," 655.22","1044.09"," 465.10"," 426.05"," 661.87"," 564.64"," 535.56","454.67"," 475.09"," 407.89"," 532.94"," 446.41","502.25"," 329.01","404.23","333.57","282.84","322.83"," 425.16"," 449.59"," 781.40","285.97","466.49"," 508.73","234.79","379.24","294.53","155.80","185.69","229.22","235.57","292.74","355.40","179.67","254.59","217.58","197.05","196.19","403.18","301.72","229.10","279.47"," 415.67","311.28","180.37","176.61","298.03","240.28","316.22","285.67","299.05","175.69","219.93","163.95","195.42","163.06","161.22","120.52","219.60","269.83","105.40","204.62","215.55","186.15","185.99","184.74","151.44","180.28"," 78.08","152.29","168.71"," 86.60","316.25","231.02","176.74"," 73.13","117.19"," 86.70","165.02","205.10","146.99","115.27"," 56.40","145.07","156.42","184.76"," 93.74"," 50.19","197.13"," 77.94","103.02","176.72"," 89.14"," 83.13"," 59.96","215.03","n"
"11","2086.47","1842.70","2343.16","1859.97"," 783.54","2211.17","1258.46","1212.82","1775.47","1376.30","1310.75","809.51","1019.70","1095.15"," 725.80","1296.20","943.38"," 907.39","546.13","604.68","598.80","842.11"," 728.38"," 813.18","1652.88","609.01","727.27","1570.36","665.24","871.71","378.90","456.79","544.22","574.41","444.50","716.42","688.18","524.40","598.46","672.44","330.61","619.74","779.64","867.55","802.21","511.56","1165.21","347.59","418.81","782.49","438.37","788.60","360.17","577.85","632.98","384.58","437.79","628.27","393.62","860.44","543.68","247.08","441.29","472.96","347.93","491.97","376.94","471.41","599.79","332.16","512.95","308.28","280.87","317.46","252.41","114.67","606.69","470.49","332.55","194.72","213.96","248.07","344.65","302.91","377.28","181.82","273.20","383.95","286.45","282.94","126.67","134.22","375.83","193.76","352.45","448.07","205.53","340.27","323.65","259.11","t"
"12","1798.77"," 540.94","1042.68"," 497.36"," 517.22"," 688.22"," 975.18"," 634.79","1131.81"," 370.40"," 323.19","303.78"," 333.39"," 581.51"," 397.24"," 294.15","369.66"," 507.26","304.54","225.96","505.80","651.89"," 398.27"," 235.05"," 395.64","392.00","260.39"," 771.28","413.52","281.58","246.82","333.38","290.05","396.67","284.73","279.13","174.40","214.98","336.31","371.04","247.97","374.32","255.23","226.27","318.72","180.08"," 503.87","148.78","313.45","284.58","178.07","508.78","235.99","190.53","167.97","109.54","249.57","318.29","220.43","444.94","318.97","261.87","125.38","134.20","200.03","367.38"," 99.49","312.18","137.52"," 98.01","355.84","111.59","143.44"," 98.90"," 80.40"," 56.54","191.38","111.74"," 89.33","116.71"," 63.18","123.90","122.05","126.07","104.67"," 75.56","224.25"," 70.71","102.00","117.91"," 54.88"," 83.49","154.56"," 84.21"," 69.17"," 86.95","132.82","157.18","153.03","124.30","n"
"13","1049.98"," 676.00"," 789.98"," 544.44"," 372.74"," 713.58"," 260.41"," 541.30"," 497.27"," 367.43"," 281.27","285.66"," 240.07"," 379.09"," 333.21"," 178.16","330.36"," 487.81","245.24","275.20","225.66","314.57"," 400.82"," 205.37"," 545.60","267.95","208.45"," 310.69","251.55","241.22","233.41","241.10","240.63","131.51","201.69","259.11","183.34","184.76","265.61","179.43","206.30","261.22","190.56","243.00","176.10","174.54"," 140.96","169.22","229.09","118.70","152.38","206.56","131.55","138.58","114.72","106.32","250.92","133.20","155.54","117.06","111.70"," 84.06","182.25"," 88.83","159.97","150.38","146.04","154.87","144.85","120.16","147.91","103.02"," 98.05"," 79.30"," 83.83"," 70.05","192.15","107.49","119.88"," 65.13"," 43.06","130.89","102.30"," 62.08"," 88.19"," 71.88"," 48.07"," 75.06"," 86.37"," 65.55"," 74.51"," 63.85"," 57.07"," 87.48"," 95.35"," 58.54"," 36.96"," 48.37","119.95"," 93.69","t"
"14"," 813.68"," 541.39"," 776.88"," 496.53"," 304.49"," 384.71"," 392.78"," 380.46"," 348.40"," 173.52"," 160.66","171.54"," 192.41"," 195.90"," 214.70"," 151.86","169.58"," 306.31","213.48","145.10","224.82","231.03"," 341.53"," 148.14"," 257.98","262.37","169.43"," 271.76","187.13","109.91","156.03","172.78","183.35","159.40","153.54","158.57","106.77","132.05","158.02","123.80","132.78","156.76","164.63","167.86","109.89","157.84"," 191.08","201.59","203.55","117.44","145.22","107.64"," 85.71"," 71.54"," 65.74"," 69.97","200.59","102.27","114.58","106.78"," 64.25"," 79.79","105.66"," 67.95"," 73.47","168.18","100.43"," 94.77"," 62.68"," 79.50"," 84.52"," 80.38"," 46.48"," 40.26"," 50.45"," 51.81","132.11"," 60.93"," 71.06"," 49.60"," 43.81"," 45.68","110.13"," 39.58"," 40.70"," 42.94"," 24.21"," 30.28"," 54.37"," 52.93"," 67.61"," 24.71"," 34.82"," 52.09"," 29.91"," 51.24"," 55.36"," 33.63"," 65.16","101.17","n"
"15"," 774.71"," 864.46","1233.10"," 766.93"," 410.78"," 499.22"," 474.40"," 531.99"," 409.16"," 226.39"," 246.45","216.71"," 408.89"," 229.82"," 358.70"," 237.21","324.55"," 323.03","345.65","243.34","230.43","257.56"," 451.12"," 224.80"," 341.42","297.59","251.18"," 343.41","189.53","244.67","209.92","164.31","142.09","187.78","251.61","347.98","168.05","221.79","230.03","218.80","185.71","174.48","324.64","322.09","148.70","171.68"," 228.09","209.54","160.98","137.55","167.54","174.34","204.72","191.60","152.89","101.68","224.52","126.82","124.94","111.42","134.15","114.02","239.62","138.37","126.21","161.50","194.78","139.91","115.34","171.39"," 53.58","147.15","100.38"," 89.31"," 93.52"," 71.97","206.69"," 93.64","128.74"," 42.50","100.44"," 73.83"," 90.26"," 76.84","145.91"," 50.36"," 41.07"," 62.35"," 47.49","106.49"," 93.86"," 49.64"," 51.33"," 46.28"," 59.62","112.61"," 39.22"," 91.54"," 92.66","117.89","t"
"16"," 491.04"," 258.20"," 366.14"," 206.55"," 283.62"," 268.46"," 176.17"," 179.23"," 145.06"," 186.93"," 139.61"," 98.96"," 157.91"," 117.35"," 115.44"," 115.07","123.18"," 138.48","220.25","125.10","147.00","131.38"," 195.02"," 136.30"," 145.60","117.37","102.98","  52.12"," 89.90"," 59.58"," 95.09","135.85"," 50.02","100.00","102.64","162.02","100.10"," 81.86"," 87.29"," 75.03"," 68.30"," 93.38","118.87"," 87.84"," 71.92","126.01"," 146.73"," 91.84"," 46.48"," 69.46"," 79.57"," 39.91"," 71.00"," 65.68"," 45.24"," 68.23"," 60.25"," 52.98"," 67.56"," 66.65"," 29.82"," 67.85"," 80.44"," 46.68"," 38.09"," 99.13","136.81"," 73.24"," 62.74"," 65.00"," 35.07"," 70.36"," 45.57"," 37.76"," 30.14"," 34.44"," 69.93"," 24.29"," 74.92"," 17.73"," 31.49"," 38.58"," 51.19"," 33.56"," 51.63"," 20.61"," 19.00"," 15.61"," 62.99"," 13.90"," 26.38"," 39.89"," 13.61"," 16.25"," 40.15"," 26.20"," 32.89"," 34.22"," 23.88"," 53.03","n"
"17"," 626.88"," 238.49"," 241.76"," 196.70"," 223.78"," 188.21"," 324.67"," 287.91"," 341.35"," 105.94"," 113.22","101.40"," 110.35"," 299.33"," 104.69"," 111.64"," 74.03"," 228.45","147.15"," 88.75","257.05","242.86"," 201.23","  81.24"," 160.38","220.33"," 92.55","  91.72","190.29"," 61.04","131.37","213.56","145.82","137.79","117.53"," 93.22"," 76.91","104.14","144.83","153.74","133.77","210.13"," 41.73"," 51.52","120.45"," 43.91"," 194.68"," 50.83","101.94"," 44.17"," 44.64","162.81"," 50.35"," 70.80"," 73.09"," 43.77","125.19"," 84.41","135.00","108.57"," 73.84"," 67.43"," 45.82"," 49.19","120.41","142.36"," 55.08"," 71.20"," 48.28"," 48.93"," 76.14"," 43.78"," 48.46"," 21.08"," 25.47"," 35.49"," 44.08"," 44.29"," 27.09"," 54.86"," 28.98"," 45.36"," 35.98"," 22.72"," 40.00"," 25.65"," 40.22"," 25.29"," 17.74"," 34.30"," 13.46"," 49.62"," 34.12"," 40.74"," 13.53"," 10.85"," 42.79"," 24.03"," 43.25","  6.80","t"
"18"," 879.87"," 251.40"," 245.94"," 173.83"," 249.95"," 153.12"," 383.08"," 294.44"," 339.18"," 129.56","  97.01","107.32","  87.52"," 255.92"," 103.60","  96.28"," 80.33"," 237.70","122.19","105.01","240.95","282.74"," 240.93","  71.00","  71.05","206.48"," 67.03"," 192.01","140.47"," 55.11","160.81","173.91","144.91","188.67","101.70"," 74.90"," 69.64","111.19","151.79","146.15","179.38","154.35"," 64.33"," 51.39","145.62"," 43.36"," 204.79"," 41.56","133.29","137.34"," 48.34","160.99"," 48.48"," 51.72"," 38.40"," 36.11","113.43","104.33","117.27","142.93","111.57"," 72.85"," 55.98"," 26.86"," 84.93","123.53"," 36.36","114.54"," 38.05"," 22.54","104.39"," 41.49"," 47.43"," 22.38"," 33.74"," 44.72"," 73.79"," 49.52"," 23.04"," 45.70"," 36.11"," 96.15"," 16.38"," 30.14"," 16.05"," 35.60"," 48.00"," 24.13"," 19.59"," 26.43"," 40.63"," 42.97"," 18.29"," 62.24"," 10.91"," 24.03"," 32.61"," 58.65"," 57.02"," 38.07","n"
"19"," 513.39"," 238.58"," 331.13"," 180.21"," 327.36"," 344.00"," 380.84"," 289.60"," 344.33"," 186.46"," 119.65","144.31"," 157.65"," 271.10"," 131.66"," 114.43"," 81.80"," 240.07","219.96","145.77","235.76","230.66"," 213.50","  86.78"," 171.74","207.00"," 92.83"," 466.04","177.64","116.65","136.64","120.39","126.13","145.37","171.86"," 91.67"," 79.80","161.24","176.17","138.63","135.62","225.28"," 99.76","103.30","148.03"," 95.90"," 233.07"," 59.36","104.47","154.92"," 63.33","197.52"," 52.01"," 49.50"," 46.41"," 39.60","176.67","137.59","112.40"," 97.37"," 61.09","103.58"," 94.80"," 53.42"," 69.61"," 97.09"," 72.98","120.59"," 81.03"," 58.87","116.70"," 75.37"," 56.99"," 43.52"," 24.71"," 47.53"," 93.76"," 30.53"," 33.03"," 48.44"," 29.81"," 61.09"," 23.89"," 37.86"," 45.07"," 46.32"," 48.17"," 38.31"," 18.36"," 26.43"," 30.96"," 30.02"," 41.80"," 42.74"," 29.01"," 42.47"," 61.93"," 43.79"," 53.42"," 53.87","t"
"20"," 560.52"," 534.15"," 674.96"," 379.80"," 489.51"," 504.58"," 414.96"," 280.49"," 399.54"," 238.06"," 236.60","240.80"," 243.78"," 277.66"," 299.42"," 197.90","196.16"," 254.22","320.76","209.75","237.33","276.41"," 287.92"," 143.93"," 276.34","269.10","229.72"," 388.21","206.69","187.91","249.08","139.62","151.41","178.77","203.27","203.27","170.54","141.23","201.16","169.90","161.66","142.05","216.04","197.27","142.23","167.07"," 236.71","143.35","166.56","196.32","138.23","148.64","143.49","143.68","140.62","100.84","185.20","152.80","121.65","100.88"," 81.16","102.63","133.72","147.00"," 66.83","123.19","101.63","121.78"," 92.26"," 98.76","101.15"," 98.81"," 90.18"," 81.13"," 60.22"," 76.35","170.16"," 98.08"," 98.51"," 40.33"," 76.03"," 55.97"," 51.12"," 86.89","124.84"," 55.61"," 44.69"," 63.73"," 64.59"," 87.75"," 64.31"," 25.28","123.15"," 47.40"," 35.07"," 80.55"," 52.03"," 54.78"," 57.10","114.95","n"
"21","1229.93","1129.96","1068.03"," 669.79"," 289.31"," 483.77"," 933.28"," 616.00"," 596.10"," 522.07"," 311.80","278.40"," 403.51"," 436.47"," 378.76"," 425.49","424.86"," 546.31","199.78","427.36","357.47","429.49"," 398.11"," 511.39"," 515.06","320.48","302.26"," 492.57","317.91","257.85","200.81","280.51","236.81","264.86","275.82","300.82","172.01","227.58","294.32","257.28","298.94","282.07","345.62","215.26","285.15","259.60"," 230.39","205.04","214.90","299.20","213.43","336.47","249.91","285.90","239.67","159.99","144.01","246.73","204.09","165.46","179.75","149.53","227.82","180.12","185.41","259.25","138.12","289.01","189.92","127.66","255.19","168.13","136.46","113.66","117.56"," 65.73","258.94","192.25","158.94"," 86.91","151.93","144.65"," 35.78","106.80","177.43","116.74","112.61","128.17","104.57","127.27"," 82.47"," 58.44","102.94","113.36"," 68.69","142.75"," 77.90","155.41","111.89","147.00","t"
"22","1454.34","1683.20","1857.19","1187.00"," 353.34"," 682.78"," 876.55"," 944.91"," 893.94"," 605.31"," 515.20","378.32"," 685.23"," 503.20"," 594.12"," 524.55","605.01"," 668.06","234.49","487.34","373.70","577.05"," 790.78"," 484.84"," 610.01","478.82","561.99"," 504.96","420.62","400.34","231.24","319.31","292.65","305.78","368.92","381.94","244.21","296.55","413.46","441.66","301.44","295.39","509.00","326.25","330.22","338.53"," 360.48","347.05","398.18","269.10","353.85","381.97","390.33","415.70","315.79","230.35","210.74","199.57","302.01","342.82","276.14","192.22","363.70","254.72","174.22","347.26","184.38","274.62","203.99","243.49","285.64","277.12","160.00","130.15","186.55"," 95.61","445.13","207.82","240.29"," 84.53","175.43","154.67"," 68.23","186.04","222.66","139.15","128.41","169.09","144.11","149.48"," 95.94"," 51.65"," 92.18","109.96","141.29","211.04","111.84","198.04","123.52","268.93","n"
"23"," 405.75"," 403.64"," 407.13"," 423.09"," 396.84"," 343.52"," 295.80"," 143.36"," 310.93"," 277.62"," 287.38","229.08"," 197.18"," 105.60"," 192.15"," 197.87","199.67"," 108.08","170.21","161.45","138.73","160.69"," 148.45"," 202.51"," 164.58","104.70","135.37","  61.98","123.50","110.28","186.13","103.88"," 76.38","153.84"," 74.30","174.55","152.94"," 64.90"," 84.44"," 69.27"," 85.77","124.60","110.43","137.26"," 72.23"," 72.79"," 146.53"," 90.52"," 60.04"," 37.92"," 87.23","120.56"," 70.20"," 95.95","131.36"," 84.55","142.74"," 65.94"," 69.73"," 34.24"," 67.28"," 60.82"," 39.14"," 43.88"," 60.74"," 50.78"," 66.66"," 53.68"," 70.59"," 83.91"," 56.30"," 55.20"," 32.40"," 42.78"," 25.55"," 42.93"," 84.59"," 66.15"," 46.59"," 37.88"," 39.17"," 28.65","129.39"," 58.77"," 47.15"," 52.30"," 15.65"," 39.02"," 60.72"," 62.24"," 25.46"," 20.16"," 39.97"," 19.40"," 28.31"," 53.53"," 10.06","  8.94","  9.22"," 72.80","t"
"24"," 213.22"," 185.98"," 138.82"," 140.01"," 137.58"," 120.76"," 113.12"," 102.18","  98.57","  94.84","  87.14"," 82.33","  78.36","  77.61","  75.40","  73.44"," 72.38","  70.46"," 69.58"," 67.96"," 64.78"," 64.48","  76.18","  59.49","  53.69"," 53.48"," 52.12"," 100.48"," 51.83"," 51.55"," 80.48"," 49.93"," 48.83"," 48.72"," 48.38"," 48.03"," 47.24"," 45.82"," 43.58"," 42.99"," 42.70"," 42.27"," 76.02"," 41.67"," 41.67"," 39.49","  39.45"," 39.00"," 38.89"," 45.59"," 37.30"," 37.17"," 37.09"," 35.73"," 54.58"," 34.54"," 33.54"," 33.47"," 30.52"," 30.31"," 33.17"," 29.63"," 28.90"," 40.94"," 26.37"," 23.78"," 23.44"," 23.06"," 22.63"," 32.12"," 21.90"," 24.70"," 21.57"," 28.28"," 20.80"," 22.62"," 77.62"," 19.88"," 27.61"," 19.39"," 17.14"," 16.43"," 18.77"," 22.19"," 18.16"," 15.95"," 16.35"," 16.18"," 14.84"," 22.66"," 13.80"," 16.93"," 11.51"," 11.05"," 13.39"," 10.47"," 14.69"," 16.37","  8.30"," 36.57","n"
"25"," 981.84"," 710.85"," 886.58"," 678.63"," 575.69"," 619.92"," 561.25"," 468.68"," 753.31"," 473.65"," 340.67","302.46"," 329.12"," 379.38"," 355.50"," 262.70","342.55"," 484.21","396.94","329.18","281.51","299.35"," 440.39"," 322.91"," 379.35","314.19","233.57"," 412.50","212.20","176.38","247.70","240.61","188.36","259.11","215.06","376.52","255.32","205.31","196.81","212.17","251.73","271.70","241.70","232.08","202.01","202.52"," 315.23","280.15","280.02","241.30","166.84","302.38","145.56","126.43","145.94","170.26","307.64","306.52","157.27","184.02","195.44","151.12","104.38"," 85.43","161.01","194.54","136.77","211.39","139.34"," 97.73","205.05","122.90","104.28"," 94.31"," 49.29"," 67.63","200.78","156.27"," 73.98"," 81.19","104.03","133.70"," 83.80"," 96.28","114.73"," 80.54"," 81.52"," 87.28","110.53"," 92.32"," 86.04"," 37.09","113.06"," 80.26"," 82.85","105.41"," 66.25"," 90.55","117.88","137.33","t"
"26"," 842.35"," 440.62"," 676.10"," 505.11"," 206.98"," 753.00"," 612.66"," 363.79"," 376.70"," 475.19"," 282.17","352.17"," 220.57"," 300.03"," 241.77"," 248.80","325.12"," 354.33","136.74","261.08","224.02","266.78"," 251.39"," 426.58"," 586.77","177.09","230.34"," 334.29","199.70","291.53","110.05","165.85","161.45","134.61","174.35","177.77","224.62","125.15","170.04","175.00","186.02","234.64","165.03","301.00","171.14","133.71"," 279.84","119.37","108.96","165.49","112.86","238.43","150.93","119.13","189.06","135.90","111.12","312.28","178.73","240.38","171.53"," 87.63","101.16","107.67","138.30","148.13","142.07","205.00","178.58"," 95.90","173.71","105.00"," 95.13"," 73.32"," 68.70"," 39.07","163.47","175.40"," 76.85"," 60.45"," 55.53"," 89.00"," 78.50"," 70.47","108.05"," 66.55"," 72.58"," 95.88","141.48"," 90.09"," 82.78"," 58.10"," 93.97"," 62.66"," 96.50"," 89.92"," 61.65"," 42.05"," 77.38"," 72.56","t"
"27"," 810.89"," 548.58"," 639.78"," 424.04"," 205.40"," 752.09"," 583.43"," 276.62"," 683.75"," 415.38"," 333.25","263.38"," 223.65"," 246.34"," 276.31"," 221.17","299.70"," 289.59","139.38","312.38","199.64","230.28"," 214.19"," 366.29"," 552.79","145.90","252.98"," 466.54","167.89","188.17","127.46","144.74","150.28","132.30","159.62","222.36","212.55"," 92.55","140.22","166.85","180.96","188.55","200.78","233.29","155.12","148.42"," 266.32","148.87","134.05","151.45","125.12","217.35","133.78","153.24","183.23","191.94","107.22","250.94","141.95","195.41","117.85"," 90.52"," 94.58","120.70"," 91.35","121.86","154.81","161.09","160.71"," 83.90","131.93","129.22"," 89.25"," 75.67"," 81.86"," 35.77","182.35","150.27","100.46"," 54.03"," 72.63","123.72"," 82.20"," 93.13"," 93.57"," 83.01"," 92.54","122.57"," 99.09"," 75.42"," 43.51"," 46.87"," 81.71"," 44.12"," 75.26"," 93.65"," 51.45"," 55.66"," 68.83"," 78.83","t"
"28","1075.99"," 624.78","1011.92"," 861.63"," 391.98"," 992.24"," 896.76"," 506.97"," 913.49"," 621.37"," 522.22","427.35"," 384.57"," 489.99"," 444.08"," 716.40","325.44"," 449.78","345.97","624.31","400.66","379.84"," 469.23"," 587.55"," 973.27","342.94","395.79"," 596.79","317.99","331.97","216.15","245.87","269.27","272.66","289.68","350.55","353.03","225.24","252.16","257.75","347.10","340.96","303.55","358.75","375.76","234.09"," 476.47","257.79","234.07","318.48","166.00","386.31","198.66","247.91","259.46","264.97","316.37","412.41","204.33","281.88","177.25"," 99.14","148.45","210.15","221.68","227.24","224.39","187.04","212.03","143.91","271.55","120.79","118.64","102.59","100.74"," 60.91","260.16","281.08","138.29","102.51","114.67","192.59","164.14","135.95","221.00","103.79"," 86.68","180.40","183.64"," 98.73","100.26","102.11","155.13"," 79.36","130.29","141.86","123.83","119.61","151.64","124.30","t"
"29","2005.14","1398.83","2010.43"," 986.49"," 563.16","1661.78","1231.19"," 752.44","1304.13","1295.48"," 944.46","814.28"," 732.20"," 823.80"," 852.56"," 573.35","885.77","1002.56","330.09","919.00","498.53","706.74"," 783.16"," 847.59","1988.17","519.88","636.53","1209.91","523.67","588.01","273.48","440.13","325.96","289.41","484.14","725.43","539.89","356.68","551.01","418.24","532.11","538.19","642.28","492.35","466.35","451.34"," 952.73","370.89","481.81","520.89","392.22","555.60","348.21","396.63","481.68","423.52","183.18","633.23","404.77","391.81","304.56","326.39","321.64","388.11","313.42","377.58","527.23","404.61","430.18","267.40","362.06","369.53","222.16","250.48","207.39"," 87.09","517.12","528.09","242.92","167.55","242.59","203.86","318.00","217.59","375.94","195.36","178.79","264.28","251.54","228.27","163.31","117.85","302.68","149.45","290.03","262.23","207.90","220.35","282.30","212.17","t"
"30","1879.76"," 937.00","1387.02"," 920.13"," 663.32","1361.72","1175.98"," 741.24","1777.29","1242.31"," 860.17","526.60"," 478.62"," 671.54"," 559.98"," 475.49","485.01"," 757.88","411.50","724.58","553.53","557.82"," 621.09"," 829.18","1450.65","398.74","429.24"," 827.45","450.70","476.09","281.23","364.81","331.66","381.64","449.41","507.25","412.69","305.86","367.82","435.28","444.10","587.07","424.29","330.30","428.96","311.69"," 892.82","233.95","335.52","401.88","250.29","472.09","417.87","207.35","292.33","268.61","302.13","557.78","357.44","438.34","348.56","264.95","234.53","232.95","254.10","340.69","388.88","471.61","302.97","150.47","381.01","257.92","174.01","115.46","125.01"," 99.52","445.72","488.74","198.41","125.64","159.42","137.38","211.73","217.45","197.23","172.06","216.65","206.58","266.26","187.65","115.41","126.99","155.93","136.01","165.13","162.75","140.04","173.08","196.64","278.00","t"
"31","1635.25","1197.83","1799.55"," 950.63"," 676.23"," 784.04"," 844.08"," 733.53"," 860.95"," 530.12"," 712.36","579.89"," 557.10"," 615.89"," 630.76"," 378.13","587.10"," 840.74","374.62","620.44","322.08","714.44"," 652.03"," 562.31","1007.67","354.95","543.35"," 750.37","386.70","403.59","367.58","392.32","408.45","222.18","362.46","579.16","334.40","286.69","464.38","392.20","471.27","305.19","458.36","438.71","332.66","356.72"," 604.73","331.94","419.02","237.80","268.74","497.65","253.85","452.66","351.41","384.42","310.16","337.05","394.02","213.99","246.69","233.26","318.39","331.33","247.18","303.57","256.88","240.50","206.66","198.64","360.14","264.27","146.03","201.70","168.49"," 88.19","414.42","278.56","216.99","110.79","162.86","157.15","187.37","194.08","305.68"," 97.63"," 88.15","120.38","168.54","197.58","103.85","132.58","211.86","117.90","121.64","446.98","127.48"," 91.45","242.13","152.23","t"
"32"," 854.61"," 440.76"," 694.44"," 416.47"," 314.23"," 608.47"," 513.32"," 396.15"," 529.92"," 499.07"," 340.68","307.19"," 174.31"," 358.26"," 333.12"," 214.59","316.44"," 452.67","215.22","366.48","204.44","301.71"," 291.92"," 382.27"," 702.98","214.16","201.20"," 589.17","228.99","215.78","167.42","187.09","193.16","149.54","195.88","213.44","238.03","139.37","209.12","187.15","237.78","205.82","162.91","202.96","207.37","153.41"," 284.42","144.11","190.39","177.05","111.36","400.60","139.53","135.79","181.32","247.05","188.71","392.58","181.08","252.98","156.68","132.94","114.31","113.59","180.41","173.38","127.33","212.48","189.78","130.11","221.26","119.30","113.66"," 92.41"," 70.58"," 57.94","187.90","171.67"," 96.26"," 73.53"," 54.14","113.02"," 98.12","101.35","120.20"," 84.04","106.13","158.37","130.29"," 62.84"," 52.18"," 40.88"," 74.42"," 65.25","120.82","116.18"," 65.92","106.23","156.14"," 57.34","t"
"33"," 891.68"," 631.84"," 685.11"," 384.58"," 355.71"," 509.23"," 499.13"," 260.21"," 594.71"," 455.91"," 328.09","274.40"," 276.10"," 312.99"," 312.05"," 204.93","325.51"," 357.23","277.61","326.83","223.05","300.39"," 286.24"," 371.40"," 472.78","188.27","220.52"," 687.73","213.47","242.30","166.28","167.42","131.61","141.18","207.49","305.58","170.23"," 84.89","188.05","175.11","211.31","230.24","230.83","203.58","185.63","117.27"," 332.73","160.94","177.46","224.15","129.16","165.63","129.79","187.65","191.37","190.04","173.87","375.69","159.67","219.33","149.80","121.24","107.23","151.58","135.45","179.55","158.10","190.62","134.07","116.04","189.95","116.12"," 94.20"," 85.49"," 87.38"," 30.33","164.00","166.80"," 99.63"," 65.34"," 82.37"," 82.06","104.21"," 74.44","146.46"," 40.67"," 50.24"," 91.10"," 94.70"," 98.65"," 59.30"," 45.47"," 88.45"," 51.29"," 89.40"," 98.72"," 61.68"," 58.30"," 95.97"," 73.74","t"
"34","1311.54"," 752.68"," 876.17"," 640.63"," 512.73"," 771.99"," 558.04"," 597.23"," 765.48"," 774.81"," 405.88","441.58"," 398.92"," 512.15"," 488.14"," 350.62","261.42"," 686.79","359.05","569.01","265.26","371.97"," 509.01"," 587.31"," 953.90","326.81","420.65","1129.90","324.23","390.88","241.13","287.36","282.09","165.35","231.68","373.98","322.00","246.39","317.86","267.22","294.23","282.78","255.92","339.88","292.17","188.61"," 300.51","223.22","293.01","269.91","162.68","417.16","186.56","198.21","256.69","296.47","319.98","376.90","237.62","244.85","193.94","166.49","186.17","172.87","217.11","218.03","209.50","262.88","150.47","152.50","321.16","216.76","124.89","120.96","108.80"," 87.33","262.51","224.86","156.27"," 79.52","129.57","199.50","148.07","127.97","211.01"," 80.05","109.10","151.02","263.69","109.58"," 99.36"," 74.24","138.62"," 73.02","124.38","229.16"," 92.84"," 80.73","184.36","122.38","t"
"35","1218.49"," 404.26"," 567.65"," 379.66"," 297.09"," 353.03"," 472.94"," 412.69"," 554.83"," 239.04"," 212.83","232.14"," 204.05"," 295.65"," 211.75"," 233.37","240.00"," 441.93","168.30","213.68","224.07","320.51"," 304.72"," 333.34"," 370.91","213.52","199.03"," 637.96","211.72","142.68","159.89","197.94","183.44","211.29","212.34","153.82","127.56","163.28","223.47","204.05","206.16","245.65","163.68","185.11","155.57","122.25"," 366.99","125.93","185.45","211.96"," 96.30","266.74","115.29","118.97","135.99","161.68","149.90","250.67","182.74","191.07"," 94.23","115.87"," 83.02","105.83","150.59","142.72","134.23","142.14","131.40"," 66.57","163.62"," 83.29"," 79.63"," 63.43"," 64.78"," 38.45","168.36","137.76"," 80.01"," 55.58"," 58.84","100.52"," 66.79"," 73.32","100.17"," 45.30"," 78.18"," 83.79"," 99.84"," 87.89"," 84.32"," 58.83"," 49.15"," 70.45"," 40.78"," 71.29"," 70.68"," 71.35"," 92.07"," 63.31","t"
"36"," 596.77"," 389.05"," 399.91"," 309.51"," 349.98"," 508.25"," 298.45"," 291.47"," 352.02"," 444.27"," 253.41","251.52"," 153.39"," 172.71"," 214.17"," 154.04","235.35"," 224.85","244.37","241.09","130.29","164.48"," 172.92"," 358.23"," 653.66"," 81.56","180.88"," 315.33","120.57","155.86","173.49","104.34","102.61","115.50"," 96.29","144.21","124.20"," 65.99"," 96.73","123.35","127.98","144.36","134.61","166.92","108.84"," 96.74"," 193.44"," 92.54"," 87.38","125.22"," 65.68","203.50","114.76","136.10","156.31","172.70","271.80","201.75","118.21","185.28","100.93"," 52.19"," 53.61"," 99.62"," 64.14"," 69.74","103.46","105.57","143.53"," 60.99","127.33"," 68.09"," 57.60"," 58.81"," 57.49"," 64.14","153.54","173.17"," 78.87"," 44.65"," 73.01"," 67.95"," 50.92"," 79.36"," 93.18"," 66.25"," 68.96","138.41","100.09"," 53.83"," 23.86"," 28.83"," 72.53"," 43.62"," 63.61"," 76.40"," 34.40"," 32.24"," 59.40"," 65.67","t"
"37"," 945.25","1034.28","1707.63"," 564.23"," 563.40"," 863.36"," 542.13"," 405.77"," 984.27"," 682.22"," 680.12","548.20"," 703.70"," 554.07"," 748.83"," 236.13","527.63"," 508.54","390.94","341.45","406.01","464.78"," 591.56"," 430.96","1473.90","321.55","502.59"," 571.39","394.71","466.69","173.37","179.42","221.94","137.97","346.64","679.44","387.39","219.37","360.34","279.21","333.01","352.58","548.92","411.46","423.32","323.59"," 869.28","287.21","211.12","515.34","279.96","211.31","189.57","163.72","155.08","210.03","270.79","502.54","308.00","330.78","331.74","257.80","267.12","358.02","182.64","306.42","175.64","256.71","193.93","201.33","224.86","323.55","161.78","193.38","130.60"," 84.83","287.54","224.39","106.34","140.67","191.85"," 78.81","101.36","175.35","273.12"," 91.25","118.28","189.35","189.68","225.81"," 91.42"," 31.48","207.19","123.59","211.86","170.49"," 99.25","101.52","141.05","143.11","t"
"38"," 524.87"," 442.08"," 469.72"," 424.15"," 359.00"," 575.52"," 371.24"," 174.45"," 244.26"," 309.26"," 287.31","213.04"," 145.39"," 128.79"," 215.95"," 167.82","257.21"," 173.11","236.72","297.18","106.59","142.25"," 148.83"," 468.50"," 567.44"," 80.39","202.13"," 167.03","101.74","161.49","207.87"," 89.85"," 83.21","104.23"," 84.18","165.07","169.03"," 55.41"," 75.90"," 72.18","129.27","111.64","147.45","219.53"," 93.53"," 92.43"," 175.08","109.10"," 77.69","141.43"," 87.01","152.67","110.97","103.80","163.98","146.92","179.91","177.62"," 73.81","103.32"," 83.70"," 40.13"," 50.78"," 84.95"," 52.98"," 87.34","111.20","113.08","182.94"," 74.59"," 88.39"," 55.86"," 38.69"," 63.19"," 65.59"," 56.43","156.97","181.07"," 74.31"," 25.49"," 64.55"," 44.58"," 84.59"," 60.15"," 83.92"," 75.96"," 51.92"," 84.41"," 99.11"," 56.69"," 39.88"," 34.39"," 63.12"," 28.54"," 85.66"," 77.10"," 36.56"," 37.20"," 40.71"," 58.04","t"
"39"," 552.06"," 565.33","1209.41"," 611.64"," 388.62"," 650.81"," 347.94"," 188.83"," 281.84"," 419.09"," 293.51","252.79"," 197.53"," 151.48"," 289.83"," 282.86","338.96"," 165.45","243.26","280.32","132.87","115.47"," 201.76"," 305.72"," 397.82","161.20","189.23"," 209.82","115.81","241.37","262.69"," 62.01","127.27","128.13"," 84.37","212.11","153.01","100.15"," 67.59","128.16","123.57","110.92","165.24","176.22"," 72.40","211.56"," 114.24","181.20"," 69.46","139.24","141.13","248.62","225.19","128.27","152.39","142.36","218.09","102.45"," 85.09","115.28"," 76.97"," 93.67","144.12","100.85"," 25.84"," 94.26","136.71","163.01","116.08","100.82"," 70.64"," 88.54"," 56.87"," 70.52"," 58.63","101.12","141.97","114.06"," 80.00"," 34.10"," 56.23"," 33.99"," 99.82","107.00"," 71.30"," 85.40"," 26.70"," 89.04","167.31"," 36.53"," 60.33"," 12.21","102.59"," 30.67"," 52.36"," 75.20"," 20.27"," 15.25"," 33.33"," 90.31","n"
"40","1316.90"," 720.49"," 948.61"," 661.16"," 280.49"," 725.12"," 581.59"," 526.55"," 724.69"," 423.52"," 382.96","287.21"," 241.40"," 472.87"," 354.29"," 297.94","396.50"," 501.90","205.43","421.00","271.80","348.79"," 434.03"," 466.37"," 754.29","324.68","259.07"," 305.78","258.69","313.04","165.75","286.08","278.37","179.88","243.10","368.58","174.00","213.13","274.62","278.53","202.55","376.04","214.79","319.21","217.39","168.52"," 374.08","212.62","233.24","283.78","129.93","449.13","164.55","254.25","311.06","274.36","231.15","206.86","207.76","291.93","295.49","119.78","173.06","148.90","181.58","234.27","153.90","191.08","179.84","132.37","254.20","139.43","111.60"," 82.74","107.08"," 48.36"," 71.32","190.91","141.89"," 84.21"," 80.57","114.43","131.28"," 89.68","157.31"," 59.77"," 93.94","175.77","151.59","112.29"," 69.67"," 44.67","101.55"," 98.23","155.80","125.17"," 94.19"," 94.28","120.08","130.54","t"
"41"," 463.46"," 304.15"," 329.03"," 265.00"," 166.55"," 259.81"," 216.89"," 230.07"," 166.17"," 248.62","  99.31","134.29","  82.85"," 162.54"," 157.55"," 127.47","203.10"," 155.36"," 82.31","140.79","120.02","100.55"," 153.25"," 149.05"," 345.95","108.26","102.54"," 227.95"," 76.31"," 99.55"," 75.56"," 79.74"," 80.32","136.88"," 79.45"," 85.34"," 79.08"," 75.31"," 78.74"," 83.80","124.69","125.15"," 79.62","106.30"," 88.47"," 71.68"," 143.33"," 83.88"," 70.62","111.14"," 51.67","113.89"," 48.68"," 98.45"," 94.04"," 84.16"," 84.95"," 82.54"," 89.12","100.41"," 65.92"," 56.44"," 77.61"," 44.69"," 47.73"," 63.61"," 60.28","144.21"," 53.54"," 40.25","109.89"," 21.59"," 37.09"," 25.84"," 31.35"," 27.28"," 67.24"," 53.92"," 40.78"," 25.58"," 36.30"," 34.63"," 54.42"," 28.11"," 77.52"," 29.90"," 49.73"," 53.67"," 39.64"," 36.03"," 46.38"," 20.38"," 37.95"," 26.33"," 30.49"," 58.79"," 28.81"," 39.52"," 40.01"," 38.08","t"
"42","1304.79"," 963.17","1540.32"," 859.05"," 555.35"," 629.47"," 530.26"," 957.70"," 931.30"," 432.81"," 290.82","285.00"," 340.02"," 669.50"," 447.97"," 359.30","359.82"," 788.72","513.89","289.16","400.97","597.07"," 737.19"," 307.20"," 393.21","545.80","258.77"," 822.65","408.27","334.04","359.08","346.59","465.60","361.99","345.69","267.96","187.15","337.75","444.61","471.01","394.33","368.69","216.87","223.01","300.65","265.06"," 655.77","225.17","487.70","462.22","209.67","520.32","223.10","190.37","156.14","161.34","458.57","410.04","351.26","406.97","274.89","207.10","244.36","162.16","253.80","281.03","110.16","348.15","121.22","189.73","355.86","148.54","226.43"," 89.04"," 89.95","125.02","241.93","170.13","120.36","102.82"," 84.55","217.09"," 66.70","141.95","119.65"," 71.22","168.78","106.31","131.88","123.58"," 70.35"," 91.44","192.90","115.78"," 94.85"," 82.93","137.90","124.41","161.08","148.56","n"
"43","2062.27","1540.84","3026.49","1218.68"," 678.89","1189.05","1365.32","1145.75","1271.43","1040.80"," 646.12","489.61"," 695.64"," 757.32"," 930.68"," 729.98","762.45","1160.53","494.52","638.33","539.72","955.20","1039.80"," 726.78","1302.31","653.98","520.58","1285.95","539.41","509.48","439.94","458.59","523.03","622.49","637.89","610.75","402.05","512.14","622.51","673.51","460.38","571.23","565.42","474.95","412.90","597.07","1005.41","545.87","604.90","680.44","370.65","864.05","459.24","474.09","607.51","571.09","489.71","760.12","436.54","832.09","382.69","486.75","454.20","359.98","251.22","525.92","316.04","549.52","366.46","346.51","490.03","326.38","313.66","169.81","238.21","149.78","510.67","480.66","312.70","127.80","235.22","214.30","221.18","199.68","342.57","260.63","313.24","223.74","435.75","209.66","209.15","124.72","298.03","125.55","250.24","358.29","190.24","244.94","233.73","283.92","n"
"44","2124.85","1287.12","1579.35"," 799.14"," 791.17","1318.38","1514.99","1143.90","1626.40","1077.47"," 975.30","515.39"," 564.69"," 863.70"," 658.48"," 529.27","590.70","1183.86","611.28","559.03","476.68","749.21"," 773.07"," 614.90","2374.09","519.09","409.75","1456.92","502.33","500.20","456.18","517.53","576.56","559.60","526.37","547.32","362.21","416.17","575.35","494.34","418.36","618.97","390.63","452.10","484.75","479.78","1045.31","329.41","450.74","604.36","286.48","864.19","358.69","343.36","475.17","422.12","520.99","611.33","424.76","616.72","781.45","333.40","257.44","269.26","375.00","383.67","324.45","523.47","460.75","251.07","413.60","263.60","284.01","179.73","155.46","127.37","411.38","409.08","295.32","164.18","144.87","207.25","213.61","178.01","254.46","293.63","355.32","433.45","271.91","172.82","146.81","136.97","177.33","177.38","317.76","196.21","168.80","265.02","304.20","276.07","t"
"45","1938.90","2251.04","3254.55","1509.47"," 849.45","1601.68","1648.81","1218.06","1268.08","1229.87"," 851.22","838.38"," 834.33"," 835.80","1025.95"," 764.47","935.38","1010.27","616.36","976.59","803.20","854.55"," 974.68","1201.95","1358.00","764.28","649.55","1418.06","518.48","758.48","528.01","590.67","477.47","630.94","604.75","671.71","491.64","461.61","682.11","557.00","521.69","481.39","687.31","613.50","439.58","754.54"," 822.40","647.06","714.46","656.41","570.72","759.39","632.41","601.88","581.76","576.77","421.28","796.33","425.68","629.04","464.49","455.05","456.01","375.97","392.34","522.87","416.78","440.77","489.97","414.64","486.30","354.04","330.55","287.18","251.13","181.72","636.14","597.97","372.81","134.82","230.73","217.45","290.30","314.86","312.59","227.82","267.92","353.74","442.72","287.90","224.01","137.26","403.65","174.88","298.01","411.81","228.06","242.13","265.70","340.66","t"
"46","2114.22","1632.41","2204.81","1236.13","1005.30","1299.86","1335.27","1287.79","1441.23"," 735.83"," 630.89","546.17"," 613.72"," 855.81"," 794.19"," 723.63","770.66","1150.39","633.61","755.66","635.21","742.84"," 731.39"," 970.94","1552.81","583.92","613.30","1126.68","544.18","596.45","659.98","532.12","634.65","636.52","548.21","585.16","416.55","435.59","497.65","522.19","474.08","637.00","453.95","604.53","466.44","426.28"," 893.13","431.78","448.52","815.25","337.85","875.73","376.21","456.77","633.85","588.48","603.11","855.12","370.17","790.87","546.72","440.29","367.20","346.07","348.37","432.38","294.75","491.99","335.44","275.25","536.35","253.23","305.80","209.12","221.41","149.95","485.17","545.81","379.01","135.14","215.62","276.64","256.84","215.93","276.10","170.01","386.96","343.81","311.57","213.42","152.04","123.30","214.10","199.93","196.63","272.20","221.92","186.98","286.77","254.51","t"
"47","1033.15","1577.39","2510.61","1785.58"," 934.68","1489.46"," 879.10"," 933.36"," 973.15","1421.46","1142.60","783.18"," 665.29"," 519.97"," 946.54","1039.95","740.63"," 644.60","601.00","654.90","393.69","428.71"," 525.45"," 833.50","1915.11","382.41","526.49"," 832.52","306.44","560.24","503.79","364.94","374.26","439.72","311.46","850.87","463.32","392.26","469.64","263.36","272.00","324.46","589.57","684.20","329.45","607.72"," 389.74","419.62","350.72","570.04","423.77","555.41","429.08","372.55","444.43","401.56","654.47","471.59","210.04","521.13","421.76","273.76","368.67","410.32","214.67","291.56","496.61","444.78","544.71","538.38","403.70","373.06","207.29","218.26","255.47","158.55","401.85","543.33","329.59","111.30","219.96","225.71","328.64","287.74","321.98","237.41","231.56","193.48","359.64","228.60","153.64"," 85.31","447.27","103.11","339.96","316.28","179.44","165.39","181.34","282.20","t"
"48"," 826.90","1302.79","2208.14","1011.47"," 484.48","1219.90"," 613.41"," 506.31"," 626.73","1092.37"," 664.03","613.15"," 604.19"," 357.12"," 845.70"," 555.93","754.95"," 437.31","387.67","522.03","294.82","367.14"," 415.78"," 520.38","1184.48","291.67","421.27"," 728.29","255.51","601.53","309.24","201.21","282.01","272.82","235.97","542.23","387.38","206.47","200.76","281.65","274.33","244.78","474.60","449.74","185.47","540.41"," 470.77","375.40","211.45","480.46","355.05","429.00","395.82","438.83","396.07","384.01","323.35","392.16","202.99","379.34","221.62","248.60","386.47","307.34","128.96","192.72","289.10","331.47","283.77","260.35","212.04","329.11","141.78","226.51","195.28","110.65","496.27","343.47","249.67"," 66.84","183.48","137.85","213.90","258.41","289.66","200.87","151.05","234.29","339.81","182.50","171.46"," 52.26","332.81"," 80.75","280.52","287.44"," 83.82"," 63.42","106.54","237.72","n"
"49"," 822.93"," 758.46","1481.44"," 895.84"," 228.11"," 691.92"," 546.67"," 652.08"," 802.22"," 491.81"," 336.64","362.54"," 332.51"," 421.11"," 504.54"," 392.96","429.60"," 479.95","168.56","311.56","283.04","389.58"," 432.92"," 248.15"," 798.74","373.24","369.60"," 604.99","261.64","332.83","153.61","181.71","307.41","200.31","227.58","365.89","192.66","266.60","225.45","357.94","259.15","219.36","301.81","318.38","170.91","277.83"," 341.54","302.31","258.77","380.87","225.86","398.22","225.61","303.90","250.52","328.11","124.73","384.32","214.86","334.81","213.60","149.54","296.05","216.20","119.73","209.70","205.20","280.01","221.66","161.34","261.93","169.53","111.60","106.53","115.95"," 27.72","222.30","214.59","199.64"," 70.29"," 88.81"," 98.75","103.37","129.96","204.01"," 80.71","131.80","151.06","155.06","116.73"," 90.18"," 22.83","180.02"," 58.86"," 98.80","139.53"," 69.09"," 58.15","107.31","139.16","t"
"50","1279.95"," 773.97","1710.24"," 757.89"," 438.96"," 810.19"," 639.91"," 705.09"," 754.29"," 420.99"," 326.65","409.66"," 311.51"," 350.45"," 470.55"," 309.84","379.72"," 444.04","358.63","394.82","332.01","365.08"," 535.56"," 310.47"," 770.34","441.29","205.91"," 390.90","271.96","257.56","234.21","226.81","416.22","326.47","413.08","300.94","183.39","264.12","229.50","311.21","300.78","304.80","251.10","249.69","183.38","292.55"," 436.94","329.24","323.79","294.86","203.62","405.09","228.73","222.07","111.15","176.81","297.37","189.79","260.49","225.40","186.40","159.94","204.59","102.23","119.46","316.00","189.21","292.87","181.89"," 87.23","159.20","156.60"," 86.29","116.27"," 58.58","100.53","229.33","157.61","114.63"," 31.54"," 41.37"," 83.26","110.61"," 96.32"," 72.79","104.22"," 50.01"," 86.79","167.29"," 95.12","101.97"," 58.87","163.02"," 86.70","122.86","163.22","120.72"," 71.10"," 98.26","102.24","n"
"51"," 999.00","1097.35","1438.08"," 973.97"," 292.76"," 723.11"," 698.21"," 609.57","1045.71"," 428.49"," 454.53","410.51"," 398.39"," 224.45"," 521.98"," 334.95","802.66"," 432.53","188.91","348.00","301.18","331.99"," 428.98"," 558.93"," 140.66","302.10","414.38"," 397.64","225.71","320.39","242.08","251.36","246.39","337.91","298.47","434.13","210.09","259.22","229.89","204.29","340.42","167.26","317.01","311.84","123.63","309.16"," 403.91","277.23","198.46","184.33","173.53","356.91","253.07","321.31","317.22","307.10","155.26","179.34","188.68","178.07","101.13","156.18","264.97","234.40","123.31","200.30","241.42","361.32","155.71","174.54","204.28","177.07"," 74.84","109.36","101.37"," 93.79","229.94","214.72","172.15"," 65.38","153.20"," 81.81","138.95","149.20","246.89"," 64.83"," 76.55","161.18"," 97.91","103.36","104.87"," 73.56","109.72"," 56.57"," 78.16","143.97","107.85"," 65.81"," 92.37","151.95","n"
"52","1999.38","1145.57","1268.34"," 918.87"," 977.90"," 774.84","1645.22"," 774.07","1895.99"," 561.63"," 431.06","400.77"," 363.41"," 695.66"," 496.01"," 435.16","623.60"," 591.68","567.71","581.73","420.80","439.42"," 497.32"," 547.22"," 712.88","493.29","383.39"," 589.88","412.17","447.07","543.60","303.79","393.27","382.82","568.85","382.36","231.87","313.69","276.06","359.31","463.03","466.75","268.25","273.40","313.85","257.38"," 461.10","235.40","306.37","273.24","184.86","587.08","231.04","387.67","422.44","432.45","482.61","345.96","210.45","331.17","357.35","109.70","277.50","249.96","192.80","301.28","217.16","686.88","224.85","180.07","320.53","165.90","102.25"," 65.76","121.70","141.64","264.78","284.75","210.56"," 91.00","187.03","135.50","110.53"," 85.85","193.21"," 75.36","130.92","216.04","141.22","121.46","100.82"," 77.11","124.87"," 97.78"," 69.50","172.71"," 60.70","134.21","110.55","133.03","t"
"53"," 898.49"," 586.33"," 899.53"," 573.74"," 406.07"," 545.44"," 522.08"," 412.10"," 494.30"," 352.96"," 213.41","267.44"," 281.86"," 222.49"," 313.27"," 243.36","539.15"," 325.66","261.81","173.33","213.23","231.62"," 263.80"," 263.29"," 293.19","232.23","212.89"," 287.65","189.20","213.31","223.06","219.22","197.08","165.38","260.50","251.51","130.83","173.51","173.17","132.75","191.48","159.65","222.33","185.91","117.23","167.12"," 260.42","121.30","138.05","194.43","131.93","239.35","157.43","216.66","206.27","220.49","199.30"," 98.59","132.05","126.15"," 88.07","101.41","168.49","121.01"," 82.84","124.45","126.37","207.97","111.01","147.99","175.15"," 94.92"," 77.39"," 33.18"," 72.41"," 47.58"," 84.46","129.47"," 70.79"," 62.35"," 98.81"," 85.36","103.52"," 81.67","139.64"," 28.09"," 51.49"," 93.39"," 50.25"," 97.61"," 53.08"," 56.50"," 53.53"," 74.01"," 29.91"," 77.50"," 41.55"," 38.24"," 88.14"," 70.96","t"
"54","1081.06","1461.47","1970.13","1010.46"," 504.87"," 568.97"," 296.60"," 556.76"," 596.07"," 352.71"," 269.75","304.76"," 500.08"," 376.80"," 657.83"," 376.49","481.08"," 480.64","392.59","318.62","218.54","354.17"," 443.76"," 426.22"," 396.47","347.93","410.46"," 332.66","241.97","382.69","288.47","260.68","306.34","272.24","212.13","360.93","218.98","288.92","321.08","238.72","264.74","211.03","414.66","327.23","191.83","345.21"," 259.78","367.25","343.06","158.27","241.33","382.72","292.71","407.27","353.49","352.07","381.34","151.56","203.94","170.00","148.12","160.20","324.97","301.16","176.93","238.37","142.10","186.50","144.63","176.07","244.04","212.39","147.15","159.45","146.11","118.14","323.81","235.05","251.01"," 65.72","131.43","152.57","105.96","147.62","245.51"," 84.13"," 56.45","152.56"," 93.09","168.04","110.29"," 53.06","150.88"," 81.75"," 74.39","196.62"," 89.19"," 78.46","141.80","207.92","n"
"55"," 813.53"," 847.01","1135.96"," 730.70"," 449.78"," 738.86"," 245.89"," 719.09"," 653.31"," 508.42"," 279.20","431.55"," 267.88"," 397.17"," 333.92"," 329.18","450.18"," 439.74","225.43","325.24","237.97","332.38"," 410.39"," 372.94"," 597.39","299.50","276.25"," 453.88","265.86","319.70","246.87","224.66","288.92","194.31","222.66","303.78","263.29","246.53","244.12","324.68","199.75","242.27","200.76","389.79","289.42","248.32"," 379.89","201.18","235.42","208.34","176.07","361.05","175.05","195.79","202.24","214.87","214.54","320.64","170.93","252.00","274.93","112.30","164.05","154.33","147.28","167.67","192.40","286.05","182.00","117.51","255.03"," 93.97"," 96.31","107.51","106.63"," 48.51","107.48","170.94","131.60"," 77.56"," 69.28","113.62","106.95","153.77"," 86.60"," 59.51","114.41","111.23","221.77","113.24"," 69.31"," 41.27","139.03","108.81"," 82.50","190.20"," 72.02"," 63.96","126.80","121.84","n"
"56"," 943.71"," 644.08","1246.45"," 645.40"," 408.14"," 640.08"," 262.63"," 447.25"," 562.87"," 430.40"," 260.56","286.05"," 210.56"," 410.86"," 286.32"," 307.65","320.24"," 460.56","297.35","305.60","184.44","386.06"," 364.27"," 277.12"," 628.85","270.11","203.45"," 418.73","243.45","293.95","247.88","211.99","211.33","159.15","198.90","227.11","183.68","206.19","309.87","264.31","184.50","186.83","205.54","187.25","144.14","181.78"," 263.74","164.41","302.86","193.55","159.00","379.35","166.29","188.44","165.91","161.15","266.74","214.20","166.29","203.35","182.65","102.57","179.20","132.07","162.08","183.38","179.57","262.35","132.07","159.74","225.22"," 93.96","110.43"," 85.14"," 64.47"," 50.65","191.25","190.17","117.98"," 64.01"," 42.84","106.99","101.95","119.48"," 69.07"," 99.01"," 85.07","119.59","178.31","102.37"," 31.39"," 23.58","111.03"," 60.08"," 84.87"," 87.71"," 64.56"," 74.04","161.62"," 88.85","t"
"57"," 420.12"," 580.81"," 962.51"," 524.89"," 540.82"," 474.25"," 112.48"," 377.21"," 645.60"," 357.56"," 287.65","253.64"," 210.18"," 204.34"," 326.03"," 221.57","387.00"," 242.87","266.22","171.38","212.32","159.33"," 225.96"," 206.77"," 529.75","379.58","199.23","  61.22","137.68","174.56","183.33","138.86","150.80","145.03","184.24","282.89","153.20","176.03","111.39","125.05"," 96.57","135.70","157.66","240.74","130.31","163.20"," 463.40","148.29","114.98","136.89","114.55","185.52"," 71.69","135.78"," 35.27","174.89","182.71","119.95","149.97","184.64"," 83.01"," 83.18","148.58"," 81.20"," 68.14"," 93.12","116.87","143.16","120.49"," 74.99"," 58.25"," 82.39"," 38.85"," 53.67"," 58.28"," 49.40"," 20.64","113.22"," 88.25"," 28.24"," 47.66","100.52"," 61.86","125.59"," 56.72"," 21.29"," 74.56"," 59.01"," 70.23","144.71"," 14.11"," 34.40","106.14"," 55.32"," 40.21","117.65"," 41.17"," 42.66"," 62.60"," 64.96","t"
"58"," 640.84"," 288.16"," 410.90"," 384.60"," 121.92"," 300.54"," 334.86"," 345.25"," 456.46"," 171.98"," 122.96","141.38"," 101.21"," 227.97"," 162.67"," 102.19","218.01"," 210.08"," 85.23","139.93","186.01","219.35"," 222.90"," 125.63"," 274.54","190.16","114.99"," 292.28","153.54","114.85"," 64.00","115.38","146.99","124.79"," 95.80","105.81"," 70.98","126.13","159.62","162.32","160.73","158.23"," 77.61","135.54","129.75"," 52.48"," 279.89"," 80.37","122.55","258.64"," 55.14","229.96"," 61.10"," 63.10"," 65.54"," 79.41"," 68.07","240.94","110.45","146.32","126.60"," 57.75"," 64.21"," 36.21"," 82.20","103.82"," 58.24","152.56"," 60.31","100.49","150.07"," 33.28"," 85.33"," 57.05"," 28.84"," 24.42"," 48.38"," 96.24"," 40.77"," 35.82"," 23.80"," 43.62"," 40.62"," 30.89"," 43.31"," 17.78"," 56.99"," 32.39"," 34.43"," 33.77"," 16.77"," 29.45"," 51.48"," 51.90"," 21.02"," 44.57"," 47.17"," 37.55"," 32.49"," 36.50","t"
"59","1262.61"," 753.20"," 856.69"," 792.75"," 421.88"," 995.75"," 607.25"," 551.75"," 500.24"," 668.50"," 504.01","375.10"," 213.75"," 390.57"," 367.82"," 285.53","330.87"," 374.30","229.81","516.47","348.75","327.58"," 393.37"," 379.98"," 933.14","279.93","168.05"," 432.63","232.22","266.87","215.22","252.69","248.70","293.44","301.45","211.43","241.70","178.27","220.82","220.11","269.78","172.11","179.58","391.32","128.31","227.25"," 403.57","192.10","213.54","247.21","136.40","392.18","120.94","122.78","202.36","163.04","176.79","165.96","175.62","180.53","231.42","151.54","216.15","126.18","143.36","128.89","199.09","148.90","255.23"," 58.13","203.08"," 91.54"," 54.50","102.67"," 77.24"," 60.25","148.69","182.59","113.17"," 61.93"," 51.40","126.94"," 75.24"," 99.12"," 78.09"," 82.84"," 75.20"," 79.05","187.57"," 85.84"," 75.10"," 78.61","101.65"," 63.39"," 55.63","217.53"," 71.22","105.80"," 77.95","101.56","t"
"60"," 972.16","1221.62","1722.52"," 955.95"," 318.57"," 885.50"," 576.37"," 578.95"," 700.29"," 693.19"," 425.10","448.75"," 347.70"," 427.75"," 514.04"," 475.00","405.51"," 473.32","172.39","436.61","277.63","354.61"," 424.18"," 405.52","1003.15","322.19","331.04"," 698.15","309.53","414.15","164.50","197.85","313.15","185.97","258.40","345.69","233.65","265.12","272.63","363.01","270.45","234.41","271.09","326.28","210.05","322.43"," 359.66","301.14","318.65","394.50","255.68","514.11","233.50","301.27","299.84","317.26","174.52","326.40","163.95","354.56","245.41","156.65","291.32","204.33","133.11","183.15","278.38","314.22","251.55","174.44","233.57","193.14","128.09","118.10","125.79"," 50.05","166.66","269.52","229.07"," 66.85","123.04","118.58","110.71","174.77","183.49","135.65","144.05","179.90","262.27","146.58","104.03"," 30.95","197.86"," 86.24","140.65","146.51"," 76.15"," 91.56","108.51","184.81","n"
"61","1030.76"," 531.72"," 763.58"," 415.85"," 256.05"," 587.44"," 515.03"," 507.97"," 659.71"," 470.63"," 302.53","232.83"," 169.69"," 359.29"," 297.59"," 200.03","335.45"," 447.08","174.11","272.41","229.50","304.49"," 274.59"," 436.27"," 439.81","238.55","196.52"," 407.62","254.48","220.97","137.46","236.09","267.79","270.68","187.56","193.91","100.76","185.85","259.23","218.89","242.56","226.88","138.13","214.80","180.89","165.10"," 279.80","164.54","221.97","123.27"," 99.55","400.94","139.00","223.23","197.07","176.08","182.09","244.11","158.83","200.31","191.29"," 94.11","105.40","121.51","183.79","157.64","145.31","176.14","117.27"," 55.64","279.81"," 98.68"," 67.21"," 37.84"," 95.99"," 53.40","175.66","193.25"," 67.29"," 90.57"," 84.91","145.55","101.07"," 92.42","136.57"," 70.68"," 79.93"," 71.53"," 89.58"," 35.02"," 53.90"," 47.84"," 75.95"," 73.95"," 68.78","140.04"," 50.83","102.22","118.53"," 90.35","t"
"62","1304.66","1019.43","1488.24"," 631.93"," 424.68"," 498.58"," 657.50"," 571.89"," 669.85"," 369.99"," 270.54","351.89"," 272.04"," 405.72"," 371.81"," 259.10","368.16"," 486.87","289.32","323.88","269.85","391.73"," 389.31"," 368.05"," 539.34","340.11","259.70"," 448.87","267.83","218.65","213.65","286.10","324.15","303.18","232.80","286.73","149.01","231.10","266.32","314.14","266.01","235.72","269.59","250.53","168.08","209.85"," 358.60","184.55","291.95","214.01","139.75","506.70","197.11","295.99","236.83","224.94","251.34","232.49","253.16","269.06","203.99","156.13","174.56","141.27","147.51","278.01","135.91","289.73","139.29","118.76","268.85","116.06"," 97.49"," 94.61"," 86.83"," 49.62","164.55","178.10","119.30"," 57.62"," 81.68"," 75.69"," 63.15","134.71","124.80"," 77.13"," 86.32"," 97.60","127.00"," 78.75"," 84.21"," 22.77","127.75"," 80.21"," 72.94","130.49"," 68.43"," 87.69","103.58","104.86","n"
